,No_modules,Module_per_bone,Module_snout_braincase_cheek_occotic,Module_snout_palatine_skullroof_floorbraincase_cheek_occotic_Lateral_side_braincase,Module_tout,Module_tout_plus,Module_dorsal_ventral,Module_sequence_ossification,Module_embryo
LM1,1,1,1,1,1,1,1,1,1
LM2,1,1,1,1,1,1,1,1,1
LM3,1,1,1,1,1,1,1,1,1
LM4,1,1,1,1,1,1,1,1,1
LM5,1,12,1,1,5,5,2,3,1
LM6,1,12,1,1,5,5,2,3,1
LM7,1,12,1,1,5,5,2,3,1
LM8,1,12,1,1,5,5,2,3,1
LM9,1,7,2,2,6,6,2,2,1
LM10,1,7,2,2,6,6,2,2,1
LM11,1,7,2,2,6,6,2,2,1
LM12,1,7,2,2,6,6,2,2,1
LM13,1,7,2,2,6,6,2,2,1
LM14,1,4,3,3,7,7,2,1,1
LM15,1,4,3,3,7,7,2,1,1
LM16,1,4,3,3,7,7,2,1,1
LM17,1,4,3,3,7,7,2,1,1
LM18,1,4,3,3,7,7,2,1,1
LM19,1,4,3,3,7,7,2,1,1
LM20,1,15,3,3,8,8,2,4,1
LM21,1,15,3,3,8,8,2,4,1
LM22,1,15,3,3,8,8,2,4,1
LM23,1,15,3,3,8,8,2,4,1
LM24,1,15,3,3,8,8,2,4,1
LM25,1,15,3,3,8,8,2,4,1
LM26,1,2,2,4,3,3,1,2,1
LM27,1,2,2,4,3,3,1,2,1
LM28,1,3,2,4,4,4,1,2,1
LM29,1,3,2,4,4,4,1,2,1
LM30,1,3,2,4,4,4,1,2,1
LM31,1,1,1,5,2,2,2,1,1
LM32,1,1,1,5,2,2,2,1,1
LM33,1,1,1,5,2,2,2,1,1
LM34,1,1,1,5,2,2,2,1,1
LM35,1,12,1,5,9,9,2,3,1
LM36,1,12,1,5,9,9,2,3,1
LM37,1,12,1,5,9,9,2,3,1
LM38,1,11,1,1,10,10,1,3,1
LM39,1,11,1,1,10,10,1,3,1
LM40,1,11,1,1,10,10,1,3,1
LM41,1,8,4,6,11,11,1,2,2
LM42,1,8,4,6,11,11,1,2,2
LM43,1,9,4,6,12,12,1,2,2
LM44,1,9,4,6,12,12,2,2,2
LM45,1,8,4,6,13,13,2,2,2
LM46,1,8,4,6,13,13,2,2,2
LM47,1,10,4,6,14,14,1,2,2
LM48,1,10,4,6,14,14,2,2,2
LM49,1,10,4,6,14,14,2,2,2
LM50,1,10,4,6,14,14,2,2,2
LM51,1,6,1,5,15,15,2,4,1
LM52,1,6,1,5,15,15,2,4,1
LM53,1,6,1,5,15,15,2,4,1
LM54,1,6,1,5,15,15,2,4,1
LM55,1,8,4,6,13,13,2,2,2
LM56,1,8,4,6,13,13,2,2,2
LM57,1,8,4,6,13,13,2,2,2
LM58,1,8,4,6,11,11,1,2,2
LM59,1,8,4,6,11,11,1,2,2
LM60,1,10,4,6,14,14,2,2,2
LM61,1,10,4,6,14,14,1,2,2
LM62,1,10,4,6,14,14,2,2,2
LM63,1,10,4,6,14,14,1,2,2
LM64,1,10,4,6,14,14,1,2,2
LM65,1,8,4,6,13,13,2,2,2
LM66,1,5,3,3,16,16,2,3,2
LM67,1,5,3,3,16,16,2,3,2
LM68,1,5,3,3,16,16,2,3,2
LM69,1,5,3,3,16,19,2,3,2
LM70,1,10,4,6,14,14,1,2,2
LM71,1,5,3,3,16,19,2,3,2
LM72,1,3,2,4,4,4,1,2,1
LM73,1,3,2,4,4,4,1,2,1
LM74,1,2,2,4,3,3,1,2,1
LM75,1,2,2,4,3,3,1,2,1
LM76,1,10,4,6,14,14,1,2,2
LM77,1,5,3,3,16,19,2,2,2
LM78,1,14,2,7,17,17,2,2,2
LM79,1,14,2,7,17,17,2,2,2
LM80,1,14,2,7,17,17,2,2,2
LM81,1,14,2,7,17,17,2,2,2
LM82,1,13,1,1,18,18,1,3,1
LM83,1,13,1,1,18,18,1,3,1
LM84,1,13,1,1,18,18,1,3,1
LM85,1,13,1,1,18,18,1,3,1
LM86,1,10,4,6,14,14,2,2,2
LM87,1,10,4,6,14,14,2,2,2
curve1-1,1,1,1,1,1,1,1,1,1
curve1-2,1,1,1,1,1,1,1,1,1
curve1-3,1,1,1,1,1,1,1,1,1
curve1-4,1,1,1,1,1,1,1,1,1
curve1-5,1,1,1,1,1,1,1,1,1
curve1-6,1,1,1,1,1,1,1,1,1
curve1-7,1,1,1,1,1,1,1,1,1
curve1-8,1,1,1,1,1,1,1,1,1
curve1-9,1,1,1,1,1,1,1,1,1
curve1-10,1,1,1,1,1,1,1,1,1
curve2-1,1,1,1,1,1,1,1,1,1
curve2-2,1,1,1,1,1,1,1,1,1
curve2-3,1,1,1,1,1,1,1,1,1
curve2-4,1,1,1,1,1,1,1,1,1
curve2-5,1,1,1,1,1,1,1,1,1
curve2-6,1,1,1,1,1,1,1,1,1
curve2-7,1,1,1,1,1,1,1,1,1
curve2-8,1,1,1,1,1,1,1,1,1
curve3-1,1,1,1,1,1,1,1,1,1
curve3-2,1,1,1,1,1,1,1,1,1
curve3-3,1,1,1,1,1,1,1,1,1
curve4-1,1,1,1,1,1,1,1,1,1
curve4-2,1,1,1,1,1,1,1,1,1
curve4-3,1,1,1,1,1,1,1,1,1
curve4-4,1,1,1,1,1,1,1,1,1
curve4-5,1,1,1,1,1,1,1,1,1
curve5-1,1,1,1,5,2,2,2,1,1
curve5-2,1,1,1,5,2,2,2,1,1
curve5-3,1,1,1,5,2,2,2,1,1
curve6-1,1,1,1,5,2,2,2,1,1
curve6-2,1,1,1,5,2,2,2,1,1
curve6-3,1,1,1,5,2,2,2,1,1
curve6-4,1,1,1,5,2,2,2,1,1
curve6-5,1,1,1,5,2,2,2,1,1
curve7-1,1,1,1,5,2,2,2,1,1
curve7-2,1,1,1,5,2,2,2,1,1
curve7-3,1,1,1,5,2,2,2,1,1
curve8-1,1,1,1,5,2,2,2,1,1
curve8-2,1,1,1,5,2,2,2,1,1
curve8-3,1,1,1,5,2,2,2,1,1
curve8-4,1,1,1,5,2,2,2,1,1
curve8-5,1,1,1,5,2,2,2,1,1
curve8-6,1,1,1,5,2,2,2,1,1
curve8-7,1,1,1,5,2,2,2,1,1
curve8-8,1,1,1,5,2,2,2,1,1
curve9-1,1,2,2,4,3,3,1,3,1
curve9-2,1,2,2,4,3,3,1,3,1
curve9-3,1,2,2,4,3,3,1,3,1
curve9-4,1,2,2,4,3,3,1,3,1
curve9-5,1,2,2,4,3,3,1,3,1
curve9-6,1,2,2,4,3,3,1,3,1
curve9-7,1,2,2,4,3,3,1,3,1
curve9-8,1,2,2,4,3,3,1,3,1
curve9-9,1,2,2,4,3,3,1,3,1
curve9-10,1,2,2,4,3,3,1,3,1
curve9-11,1,2,2,4,3,3,1,3,1
curve9-12,1,2,2,4,3,3,1,3,1
curve10-1,1,2,2,4,3,3,1,3,1
curve10-2,1,2,2,4,3,3,1,3,1
curve10-3,1,2,2,4,3,3,1,3,1
curve10-4,1,2,2,4,3,3,1,3,1
curve10-5,1,2,2,4,3,3,1,3,1
curve10-6,1,2,2,4,3,3,1,3,1
curve10-7,1,2,2,4,3,3,1,3,1
curve10-8,1,2,2,4,3,3,1,3,1
curve10-9,1,2,2,4,3,3,1,3,1
curve10-10,1,2,2,4,3,3,1,3,1
curve11-1,1,3,2,4,4,4,1,3,1
curve11-2,1,3,2,4,4,4,1,3,1
curve11-3,1,3,2,4,4,4,1,3,1
curve11-4,1,3,2,4,4,4,1,3,1
curve11-5,1,3,2,4,4,4,1,3,1
curve11-6,1,3,2,4,4,4,1,3,1
curve11-7,1,3,2,4,4,4,1,3,1
curve11-8,1,3,2,4,4,4,1,3,1
curve12-1,1,3,2,4,4,4,1,3,1
curve12-2,1,3,2,4,4,4,1,3,1
curve12-3,1,3,2,4,4,4,1,3,1
curve12-4,1,3,2,4,4,4,1,3,1
curve12-5,1,3,2,4,4,4,1,3,1
curve13-1,1,3,2,4,4,4,1,3,1
curve13-2,1,3,2,4,4,4,1,3,1
curve13-3,1,3,2,4,4,4,1,3,1
curve13-4,1,3,2,4,4,4,1,3,1
curve13-5,1,3,2,4,4,4,1,3,1
curve13-6,1,3,2,4,4,4,1,3,1
curve14-1,1,3,2,4,4,4,1,3,1
curve14-2,1,3,2,4,4,4,1,3,1
curve14-3,1,3,2,4,4,4,1,3,1
curve14-4,1,3,2,4,4,4,1,3,1
curve14-5,1,3,2,4,4,4,1,3,1
curve14-6,1,3,2,4,4,4,1,3,1
curve14-7,1,3,2,4,4,4,1,3,1
curve14-8,1,3,2,4,4,4,1,3,1
curve14-9,1,3,2,4,4,4,1,3,1
curve14-10,1,3,2,4,4,4,1,3,1
curve15-1,1,2,2,4,3,3,1,3,1
curve15-2,1,2,2,4,3,3,1,3,1
curve15-3,1,2,2,4,3,3,1,3,1
curve15-4,1,2,2,4,3,3,1,3,1
curve15-5,1,2,2,4,3,3,1,3,1
curve15-6,1,2,2,4,3,3,1,3,1
curve15-7,1,2,2,4,3,3,1,3,1
curve15-8,1,2,2,4,3,3,1,3,1
curve15-9,1,2,2,4,3,3,1,3,1
curve15-10,1,2,2,4,3,3,1,3,1
curve16-1,1,2,2,4,3,3,1,3,1
curve16-2,1,2,2,4,3,3,1,3,1
curve16-3,1,2,2,4,3,3,1,3,1
curve16-4,1,2,2,4,3,3,1,3,1
curve16-5,1,2,2,4,3,3,1,3,1
curve16-6,1,2,2,4,3,3,1,3,1
curve17-1,1,3,2,4,4,4,1,3,1
curve17-2,1,3,2,4,4,4,1,3,1
curve17-3,1,3,2,4,4,4,1,3,1
curve17-4,1,3,2,4,4,4,1,3,1
curve17-5,1,3,2,4,4,4,1,3,1
curve17-6,1,3,2,4,4,4,1,3,1
curve18-1,1,4,3,3,7,7,2,1,1
curve18-2,1,4,3,3,7,7,2,1,1
curve18-3,1,4,3,3,7,7,2,1,1
curve18-4,1,4,3,3,7,7,2,1,1
curve18-5,1,4,3,3,7,7,2,1,1
curve18-6,1,4,3,3,7,7,2,1,1
curve18-7,1,4,3,3,7,7,2,1,1
curve18-8,1,4,3,3,7,7,2,1,1
curve19-1,1,4,3,3,7,7,2,1,1
curve19-2,1,4,3,3,7,7,2,1,1
curve19-3,1,4,3,3,7,7,2,1,1
curve19-4,1,4,3,3,7,7,2,1,1
curve19-5,1,4,3,3,7,7,2,1,1
curve20-1,1,4,3,3,7,7,2,1,1
curve20-2,1,4,3,3,7,7,2,1,1
curve20-3,1,4,3,3,7,7,2,1,1
curve20-4,1,4,3,3,7,7,2,1,1
curve20-5,1,4,3,3,7,7,2,1,1
curve21-1,1,4,3,3,7,7,2,1,1
curve21-2,1,4,3,3,7,7,2,1,1
curve21-3,1,4,3,3,7,7,2,1,1
curve21-4,1,4,3,3,7,7,2,1,1
curve21-5,1,4,3,3,7,7,2,1,1
curve22-1,1,4,3,3,7,7,2,1,1
curve22-2,1,4,3,3,7,7,2,1,1
curve22-3,1,4,3,3,7,7,2,1,1
curve22-4,1,4,3,3,7,7,2,1,1
curve22-5,1,4,3,3,7,7,2,1,1
curve23-1,1,4,3,3,7,7,2,1,1
curve23-2,1,4,3,3,7,7,2,1,1
curve23-3,1,4,3,3,7,7,2,1,1
curve23-4,1,4,3,3,7,7,2,1,1
curve23-5,1,4,3,3,7,7,2,1,1
curve23-6,1,4,3,3,7,7,2,1,1
curve23-7,1,4,3,3,7,7,2,1,1
curve23-8,1,4,3,3,7,7,2,1,1
curve24-1,1,5,3,3,16,16,2,3,2
curve24-2,1,5,3,3,16,16,2,3,2
curve24-3,1,5,3,3,16,16,2,3,2
curve25-1,1,5,3,3,16,16,2,3,2
curve25-2,1,5,3,3,16,16,2,3,2
curve25-3,1,5,3,3,16,16,2,3,2
curve26-1,1,5,3,3,16,16,2,3,2
curve26-2,1,5,3,3,16,16,2,3,2
curve26-3,1,5,3,3,16,16,2,3,2
curve27-1,1,5,3,3,16,19,2,3,2
curve27-2,1,5,3,3,16,19,2,3,2
curve27-3,1,5,3,3,16,19,2,3,2
curve27-4,1,5,3,3,16,19,2,3,2
curve27-5,1,5,3,3,16,19,2,3,2
curve27-6,1,5,3,3,16,19,2,3,2
curve27-7,1,5,3,3,16,19,2,3,2
curve27-8,1,5,3,3,16,19,2,3,2
curve28-1,1,5,3,3,16,19,2,3,2
curve28-2,1,5,3,3,16,19,2,3,2
curve28-3,1,5,3,3,16,19,2,3,2
curve28-4,1,5,3,3,16,19,2,3,2
curve28-5,1,5,3,3,16,19,2,3,2
curve28-6,1,5,3,3,16,19,2,3,2
curve29-1,1,5,3,3,16,19,2,3,2
curve29-2,1,5,3,3,16,19,2,3,2
curve29-3,1,5,3,3,16,19,2,3,2
curve29-4,1,5,3,3,16,19,2,3,2
curve30-1,1,5,3,3,16,19,2,3,2
curve30-2,1,5,3,3,16,19,2,3,2
curve30-3,1,5,3,3,16,19,2,3,2
curve30-4,1,5,3,3,16,19,2,3,2
curve30-5,1,5,3,3,16,19,2,3,2
curve31-1,1,5,3,3,16,19,2,3,2
curve31-2,1,5,3,3,16,19,2,3,2
curve31-3,1,5,3,3,16,19,2,3,2
curve32-1,1,5,3,3,16,19,2,3,2
curve32-2,1,5,3,3,16,19,2,3,2
curve32-3,1,5,3,3,16,19,2,3,2
curve32-4,1,5,3,3,16,19,2,3,2
curve32-5,1,5,3,3,16,19,2,3,2
curve33-1,1,7,2,2,6,6,2,2,1
curve33-2,1,7,2,2,6,6,2,2,1
curve33-3,1,7,2,2,6,6,2,2,1
curve33-4,1,7,2,2,6,6,2,2,1
curve33-5,1,7,2,2,6,6,2,2,1
curve33-6,1,7,2,2,6,6,2,2,1
curve33-7,1,7,2,2,6,6,2,2,1
curve33-8,1,7,2,2,6,6,2,2,1
curve34-1,1,7,2,2,6,6,2,2,1
curve34-2,1,7,2,2,6,6,2,2,1
curve34-3,1,7,2,2,6,6,2,2,1
curve34-4,1,7,2,2,6,6,2,2,1
curve34-5,1,7,2,2,6,6,2,2,1
curve35-1,1,7,2,2,6,6,2,2,1
curve35-2,1,7,2,2,6,6,2,2,1
curve35-3,1,7,2,2,6,6,2,2,1
curve35-4,1,7,2,2,6,6,2,2,1
curve35-5,1,7,2,2,6,6,2,2,1
curve35-6,1,7,2,2,6,6,2,2,1
curve35-7,1,7,2,2,6,6,2,2,1
curve35-8,1,7,2,2,6,6,2,2,1
curve36-1,1,7,2,2,6,6,2,2,1
curve36-2,1,7,2,2,6,6,2,2,1
curve36-3,1,7,2,2,6,6,2,2,1
curve36-4,1,7,2,2,6,6,2,2,1
curve36-5,1,7,2,2,6,6,2,2,1
curve36-6,1,7,2,2,6,6,2,2,1
curve37-1,1,7,2,2,6,6,2,2,1
curve37-2,1,7,2,2,6,6,2,2,1
curve37-3,1,7,2,2,6,6,2,2,1
curve37-4,1,7,2,2,6,6,2,2,1
curve37-5,1,7,2,2,6,6,2,2,1
curve37-6,1,7,2,2,6,6,2,2,1
curve37-7,1,7,2,2,6,6,2,2,1
curve37-8,1,7,2,2,6,6,2,2,1
curve37-9,1,7,2,2,6,6,2,2,1
curve37-10,1,7,2,2,6,6,2,2,1
curve38-1,1,6,1,5,15,15,2,4,1
curve38-2,1,6,1,5,15,15,2,4,1
curve38-3,1,6,1,5,15,15,2,4,1
curve38-4,1,6,1,5,15,15,2,4,1
curve38-5,1,6,1,5,15,15,2,4,1
curve38-6,1,6,1,5,15,15,2,4,1
curve38-7,1,6,1,5,15,15,2,4,1
curve38-8,1,6,1,5,15,15,2,4,1
curve39-1,1,6,1,5,15,15,2,4,1
curve39-2,1,6,1,5,15,15,2,4,1
curve39-3,1,6,1,5,15,15,2,4,1
curve39-4,1,6,1,5,15,15,2,4,1
curve39-5,1,6,1,5,15,15,2,4,1
curve39-6,1,6,1,5,15,15,2,4,1
curve39-7,1,6,1,5,15,15,2,4,1
curve39-8,1,6,1,5,15,15,2,4,1
curve39-9,1,6,1,5,15,15,2,4,1
curve39-10,1,6,1,5,15,15,2,4,1
curve39-11,1,6,1,5,15,15,2,4,1
curve39-12,1,6,1,5,15,15,2,4,1
curve39-13,1,6,1,5,15,15,2,4,1
curve39-14,1,6,1,5,15,15,2,4,1
curve39-15,1,6,1,5,15,15,2,4,1
curve40-1,1,6,1,5,15,15,2,4,1
curve40-2,1,6,1,5,15,15,2,4,1
curve40-3,1,6,1,5,15,15,2,4,1
curve40-4,1,6,1,5,15,15,2,4,1
curve40-5,1,6,1,5,15,15,2,4,1
curve40-6,1,6,1,5,15,15,2,4,1
curve40-7,1,6,1,5,15,15,2,4,1
curve40-8,1,6,1,5,15,15,2,4,1
curve41-1,1,6,1,5,15,15,2,4,1
curve41-2,1,6,1,5,15,15,2,4,1
curve41-3,1,6,1,5,15,15,2,4,1
curve41-4,1,6,1,5,15,15,2,4,1
curve41-5,1,6,1,5,15,15,2,4,1
curve41-6,1,6,1,5,15,15,2,4,1
curve41-7,1,6,1,5,15,15,2,4,1
curve41-8,1,6,1,5,15,15,2,4,1
curve41-9,1,6,1,5,15,15,2,4,1
curve41-10,1,6,1,5,15,15,2,4,1
curve42-1,1,8,4,6,13,13,2,2,2
curve42-2,1,8,4,6,13,13,2,2,2
curve43-1,1,8,4,6,13,13,2,2,2
curve43-2,1,8,4,6,13,13,2,2,2
curve43-3,1,8,4,6,13,13,2,2,2
curve43-4,1,8,4,6,13,13,2,2,2
curve44-1,1,8,4,6,13,13,2,2,2
curve44-2,1,8,4,6,13,13,2,2,2
curve45-1,1,8,4,6,11,11,1,2,2
curve45-2,1,8,4,6,11,11,1,2,2
curve45-3,1,8,4,6,11,11,1,2,2
curve45-4,1,8,4,6,11,11,1,2,2
curve45-5,1,8,4,6,11,11,1,2,2
curve45-6,1,8,4,6,11,11,1,2,2
curve45-7,1,8,4,6,11,11,1,2,2
curve45-8,1,8,4,6,11,11,1,2,2
curve46-1,1,8,4,6,11,11,1,2,2
curve46-2,1,8,4,6,11,11,1,2,2
curve46-3,1,8,4,6,11,11,1,2,2
curve46-4,1,8,4,6,11,11,1,2,2
curve47-1,1,8,4,6,11,11,1,2,2
curve47-2,1,8,4,6,11,11,1,2,2
curve47-3,1,8,4,6,11,11,1,2,2
curve48-1,1,8,4,6,11,11,1,2,2
curve48-2,1,8,4,6,11,11,1,2,2
curve48-3,1,8,4,6,11,11,1,2,2
curve48-4,1,8,4,6,11,11,1,2,2
curve48-5,1,8,4,6,11,11,1,2,2
curve48-6,1,8,4,6,11,11,1,2,2
curve49-1,1,9,4,6,12,12,2,2,2
curve49-2,1,9,4,6,12,12,2,2,2
curve49-3,1,9,4,6,12,12,2,2,2
curve49-4,1,9,4,6,12,12,2,2,2
curve49-5,1,9,4,6,12,12,2,2,2
curve50-1,1,9,4,6,12,12,2,2,2
curve50-2,1,9,4,6,12,12,2,2,2
curve50-3,1,9,4,6,12,12,2,2,2
curve50-4,1,9,4,6,12,12,2,2,2
curve51-1,1,8,4,6,13,13,2,2,2
curve51-2,1,8,4,6,13,13,2,2,2
curve52-1,1,8,4,6,13,13,2,2,2
curve52-2,1,8,4,6,13,13,2,2,2
curve52-3,1,8,4,6,13,13,2,2,2
curve52-4,1,8,4,6,13,13,2,2,2
curve53-1,1,8,4,6,13,13,2,2,2
curve53-2,1,8,4,6,13,13,2,2,2
curve54-1,1,8,4,6,13,13,2,2,2
curve54-2,1,8,4,6,13,13,2,2,2
curve55-1,1,8,4,6,13,13,2,2,2
curve55-2,1,8,4,6,13,13,2,2,2
curve58-1,1,10,4,6,14,14,1,2,2
curve58-2,1,10,4,6,14,14,1,2,2
curve58-3,1,10,4,6,14,14,1,2,2
curve58-4,1,10,4,6,14,14,1,2,2
curve60-1,1,10,4,6,14,14,2,2,2
curve60-2,1,10,4,6,14,14,2,2,2
curve60-3,1,10,4,6,14,14,2,2,2
curve61-1,1,10,4,6,14,14,2,2,2
curve61-2,1,10,4,6,14,14,2,2,2
curve61-3,1,10,4,6,14,14,2,2,2
curve61-4,1,10,4,6,14,14,2,2,2
curve62-1,1,10,4,6,14,14,2,2,2
curve62-2,1,10,4,6,14,14,2,2,2
curve63-1,1,10,4,6,14,14,2,2,2
curve63-2,1,10,4,6,14,14,2,2,2
curve63-3,1,10,4,6,14,14,2,2,2
curve63-4,1,10,4,6,14,14,2,2,2
curve63-5,1,10,4,6,14,14,2,2,2
curve63-6,1,10,4,6,14,14,2,2,2
curve63-7,1,10,4,6,14,14,2,2,2
curve63-8,1,10,4,6,14,14,2,2,2
curve64-1,1,10,4,6,14,14,2,2,2
curve64-2,1,10,4,6,14,14,2,2,2
curve64-3,1,10,4,6,14,14,2,2,2
curve64-4,1,10,4,6,14,14,2,2,2
curve64-5,1,10,4,6,14,14,2,2,2
curve64-6,1,10,4,6,14,14,2,2,2
curve65-1,1,11,1,1,10,10,1,3,1
curve65-2,1,11,1,1,10,10,1,3,1
curve65-3,1,11,1,1,10,10,1,3,1
curve65-4,1,11,1,1,10,10,1,3,1
curve65-5,1,11,1,1,10,10,1,3,1
curve65-6,1,11,1,1,10,10,1,3,1
curve66-1,1,11,1,1,10,10,1,3,1
curve66-2,1,11,1,1,10,10,1,3,1
curve66-3,1,11,1,1,10,10,1,3,1
curve66-4,1,11,1,1,10,10,1,3,1
curve66-5,1,11,1,1,10,10,1,3,1
curve66-6,1,11,1,1,10,10,1,3,1
curve67-1,1,11,1,1,10,10,1,3,1
curve67-2,1,11,1,1,10,10,1,3,1
curve67-3,1,11,1,1,10,10,1,3,1
curve67-4,1,11,1,1,10,10,1,3,1
curve67-5,1,11,1,1,10,10,1,3,1
curve67-6,1,11,1,1,10,10,1,3,1
curve67-7,1,11,1,1,10,10,1,3,1
curve67-8,1,11,1,1,10,10,1,3,1
curve68-1,1,12,1,1,5,5,2,3,1
curve68-2,1,12,1,1,5,5,2,3,1
curve68-3,1,12,1,1,5,5,2,3,1
curve69-1,1,12,1,1,5,5,2,3,1
curve69-2,1,12,1,1,5,5,2,3,1
curve69-3,1,12,1,1,5,5,2,3,1
curve69-4,1,12,1,1,5,5,2,3,1
curve69-5,1,12,1,1,5,5,2,3,1
curve69-6,1,12,1,1,5,5,2,3,1
curve69-7,1,12,1,1,5,5,2,3,1
curve69-8,1,12,1,1,5,5,2,3,1
curve70-1,1,12,1,1,5,5,2,3,1
curve70-2,1,12,1,1,5,5,2,3,1
curve70-3,1,12,1,1,5,5,2,3,1
curve70-4,1,12,1,1,5,5,2,3,1
curve70-5,1,12,1,1,5,5,2,3,1
curve70-6,1,12,1,1,5,5,2,3,1
curve70-7,1,12,1,1,5,5,2,3,1
curve70-8,1,12,1,1,5,5,2,3,1
curve70-9,1,12,1,1,5,5,2,3,1
curve70-10,1,12,1,1,5,5,2,3,1
curve70-11,1,12,1,1,5,5,2,3,1
curve70-12,1,12,1,1,5,5,2,3,1
curve71-1,1,12,1,1,5,5,2,3,1
curve71-2,1,12,1,1,5,5,2,3,1
curve71-3,1,12,1,1,5,5,2,3,1
curve71-4,1,12,1,1,5,5,2,3,1
curve71-5,1,12,1,1,5,5,2,3,1
curve71-6,1,12,1,1,5,5,2,3,1
curve71-7,1,12,1,1,5,5,2,3,1
curve71-8,1,12,1,1,5,5,2,3,1
curve71-9,1,12,1,1,5,5,2,3,1
curve71-10,1,12,1,1,5,5,2,3,1
curve71-11,1,12,1,1,5,5,2,3,1
curve71-12,1,12,1,1,5,5,2,3,1
curve72-1,1,12,1,5,9,9,2,3,1
curve72-2,1,12,1,5,9,9,2,3,1
curve72-3,1,12,1,5,9,9,2,3,1
curve73-1,1,12,1,5,9,9,2,3,1
curve73-2,1,12,1,5,9,9,2,3,1
curve73-3,1,12,1,5,9,9,2,3,1
curve73-4,1,12,1,5,9,9,2,3,1
curve73-5,1,12,1,5,9,9,2,3,1
curve73-6,1,12,1,5,9,9,2,3,1
curve73-7,1,12,1,5,9,9,2,3,1
curve73-8,1,12,1,5,9,9,2,3,1
curve74-1,1,12,1,5,9,9,2,3,1
curve74-2,1,12,1,5,9,9,2,3,1
curve74-3,1,12,1,5,9,9,2,3,1
curve74-4,1,12,1,5,9,9,2,3,1
curve74-5,1,12,1,5,9,9,2,3,1
curve74-6,1,12,1,5,9,9,2,3,1
curve74-7,1,12,1,5,9,9,2,3,1
curve74-8,1,12,1,5,9,9,2,3,1
curve75-1,1,14,2,7,17,17,2,2,2
curve75-2,1,14,2,7,17,17,2,2,2
curve75-3,1,14,2,7,17,17,2,2,2
curve75-4,1,14,2,7,17,17,2,2,2
curve75-5,1,14,2,7,17,17,2,2,2
curve75-6,1,14,2,7,17,17,2,2,2
curve75-7,1,14,2,7,17,17,2,2,2
curve75-8,1,14,2,7,17,17,2,2,2
curve75-9,1,14,2,7,17,17,2,2,2
curve75-10,1,14,2,7,17,17,2,2,2
curve76-1,1,14,2,7,17,17,2,2,2
curve76-2,1,14,2,7,17,17,2,2,2
curve76-3,1,14,2,7,17,17,2,2,2
curve76-4,1,14,2,7,17,17,2,2,2
curve76-5,1,14,2,7,17,17,2,2,2
curve76-6,1,14,2,7,17,17,2,2,2
curve77-1,1,14,2,7,17,17,2,2,2
curve77-2,1,14,2,7,17,17,2,2,2
curve77-3,1,14,2,7,17,17,2,2,2
curve77-4,1,14,2,7,17,17,2,2,2
curve77-5,1,14,2,7,17,17,2,2,2
curve77-6,1,14,2,7,17,17,2,2,2
curve77-7,1,14,2,7,17,17,2,2,2
curve77-8,1,14,2,7,17,17,2,2,2
curve77-9,1,14,2,7,17,17,2,2,2
curve77-10,1,14,2,7,17,17,2,2,2
curve78-1,1,14,2,7,17,17,2,2,2
curve78-2,1,14,2,7,17,17,2,2,2
curve78-3,1,14,2,7,17,17,2,2,2
curve78-4,1,14,2,7,17,17,2,2,2
curve78-5,1,14,2,7,17,17,2,2,2
curve78-6,1,14,2,7,17,17,2,2,2
curve79-1,1,13,1,1,18,18,1,3,1
curve79-2,1,13,1,1,18,18,1,3,1
curve79-3,1,13,1,1,18,18,1,3,1
curve79-4,1,13,1,1,18,18,1,3,1
curve80-1,1,13,1,1,18,18,1,3,1
curve80-2,1,13,1,1,18,18,1,3,1
curve80-3,1,13,1,1,18,18,1,3,1
curve80-4,1,13,1,1,18,18,1,3,1
curve80-5,1,13,1,1,18,18,1,3,1
curve81-1,1,13,1,1,18,18,1,3,1
curve81-2,1,13,1,1,18,18,1,3,1
curve81-3,1,13,1,1,18,18,1,3,1
curve81-4,1,13,1,1,18,18,1,3,1
curve82-1,1,13,1,1,18,18,1,3,1
curve82-2,1,13,1,1,18,18,1,3,1
curve82-3,1,13,1,1,18,18,1,3,1
curve82-4,1,13,1,1,18,18,1,3,1
curve82-5,1,13,1,1,18,18,1,3,1
curve83-1,1,15,3,3,8,8,2,4,1
curve83-2,1,15,3,3,8,8,2,4,1
curve83-3,1,15,3,3,8,8,2,4,1
curve84-1,1,15,3,3,8,8,2,4,1
curve84-2,1,15,3,3,8,8,2,4,1
curve84-3,1,15,3,3,8,8,2,4,1
curve84-4,1,15,3,3,8,8,2,4,1
curve85-1,1,15,3,3,8,8,2,4,1
curve85-2,1,15,3,3,8,8,2,4,1
curve85-3,1,15,3,3,8,8,2,4,1
curve85-4,1,15,3,3,8,8,2,4,1
curve86-1,1,15,3,3,8,8,2,4,1
curve86-2,1,15,3,3,8,8,2,4,1
curve86-3,1,15,3,3,8,8,2,4,1
curve86-4,1,15,3,3,8,8,2,4,1
curve86-5,1,15,3,3,8,8,2,4,1
curve86-6,1,15,3,3,8,8,2,4,1
curve87-1,1,15,3,3,8,8,2,4,1
curve87-2,1,15,3,3,8,8,2,4,1
curve87-3,1,15,3,3,8,8,2,4,1
curve87-4,1,15,3,3,8,8,2,4,1
curve88-1,1,15,3,3,8,8,2,4,1
curve88-2,1,15,3,3,8,8,2,4,1
patchpmxd1,1,1,1,1,1,1,1,1,1
patchpmxd2,1,1,1,1,1,1,1,1,1
patchpmxd3,1,1,1,1,1,1,1,1,1
patchpmxd4,1,1,1,1,1,1,1,1,1
patchpmxd5,1,1,1,1,1,1,1,1,1
patchpmxd6,1,1,1,1,1,1,1,1,1
patchpmxd7,1,1,1,1,1,1,1,1,1
patchpmxd8,1,1,1,1,1,1,1,1,1
patchpmxd9,1,1,1,1,1,1,1,1,1
patchpmxd10,1,1,1,1,1,1,1,1,1
patchpmxd11,1,1,1,1,1,1,1,1,1
patchpmxd12,1,1,1,1,1,1,1,1,1
patchpmxd13,1,1,1,1,1,1,1,1,1
patchpmxd14,1,1,1,1,1,1,1,1,1
patchpmxd15,1,1,1,1,1,1,1,1,1
patchpmxv1,1,1,1,5,2,2,2,1,1
patchpmxv2,1,1,1,5,2,2,2,1,1
patchpmxv3,1,1,1,5,2,2,2,1,1
patchpmxv4,1,1,1,5,2,2,2,1,1
patchpmxv5,1,1,1,5,2,2,2,1,1
patchpmxv6,1,1,1,5,2,2,2,1,1
patchpmxv7,1,1,1,5,2,2,2,1,1
patchpmxv8,1,1,1,5,2,2,2,1,1
patchpmxv9,1,1,1,5,2,2,2,1,1
patchpmxv10,1,1,1,5,2,2,2,1,1
patchpmxv11,1,1,1,5,2,2,2,1,1
patchpmxv12,1,1,1,5,2,2,2,1,1
patchpmxv13,1,1,1,5,2,2,2,1,1
patchpmxv14,1,1,1,5,2,2,2,1,1
patchpmxv15,1,1,1,5,2,2,2,1,1
patchfr1,1,2,2,4,3,3,1,2,1
patchfr2,1,2,2,4,3,3,1,2,1
patchfr3,1,2,2,4,3,3,1,2,1
patchfr4,1,2,2,4,3,3,1,2,1
patchfr5,1,2,2,4,3,3,1,2,1
patchfr6,1,2,2,4,3,3,1,2,1
patchfr7,1,2,2,4,3,3,1,2,1
patchfr8,1,2,2,4,3,3,1,2,1
patchfr9,1,2,2,4,3,3,1,2,1
patchfr10,1,2,2,4,3,3,1,2,1
patchfr11,1,2,2,4,3,3,1,2,1
patchfr12,1,2,2,4,3,3,1,2,1
patchfr13,1,2,2,4,3,3,1,2,1
patchfr14,1,2,2,4,3,3,1,2,1
patchfr15,1,2,2,4,3,3,1,2,1
patchfr16,1,2,2,4,3,3,1,2,1
patchfr17,1,2,2,4,3,3,1,2,1
patchfr18,1,2,2,4,3,3,1,2,1
patchfr19,1,2,2,4,3,3,1,2,1
patchfr20,1,2,2,4,3,3,1,2,1
patchfr21,1,2,2,4,3,3,1,2,1
patchfr22,1,2,2,4,3,3,1,2,1
patchfr23,1,2,2,4,3,3,1,2,1
patchfr24,1,2,2,4,3,3,1,2,1
patchfr25,1,2,2,4,3,3,1,2,1
patchfr26,1,2,2,4,3,3,1,2,1
patchfr27,1,2,2,4,3,3,1,2,1
patchfr28,1,2,2,4,3,3,1,2,1
patchfr29,1,2,2,4,3,3,1,2,1
patchfr30,1,2,2,4,3,3,1,2,1
patchfr31,1,2,2,4,3,3,1,2,1
patchpar1,1,3,2,4,4,4,1,2,1
patchpar2,1,3,2,4,4,4,1,2,1
patchpar3,1,3,2,4,4,4,1,2,1
patchpar4,1,3,2,4,4,4,1,2,1
patchpar5,1,3,2,4,4,4,1,2,1
patchpar6,1,3,2,4,4,4,1,2,1
patchpar7,1,3,2,4,4,4,1,2,1
patchpar8,1,3,2,4,4,4,1,2,1
patchpar9,1,3,2,4,4,4,1,2,1
patchpar10,1,3,2,4,4,4,1,2,1
patchpar11,1,3,2,4,4,4,1,2,1
patchpar12,1,3,2,4,4,4,1,2,1
patchpar13,1,3,2,4,4,4,1,2,1
patchpar14,1,3,2,4,4,4,1,2,1
patchpar15,1,3,2,4,4,4,1,2,1
patchpar16,1,3,2,4,4,4,1,2,1
patchpar17,1,3,2,4,4,4,1,2,1
patchpar18,1,3,2,4,4,4,1,2,1
patchpar19,1,3,2,4,4,4,1,2,1
patchpar20,1,3,2,4,4,4,1,2,1
patchpar21,1,3,2,4,4,4,1,2,1
patchpar22,1,3,2,4,4,4,1,2,1
patchpar23,1,3,2,4,4,4,1,2,1
patchpar24,1,3,2,4,4,4,1,2,1
patchpar25,1,3,2,4,4,4,1,2,1
patchpar26,1,3,2,4,4,4,1,2,1
patchpar27,1,3,2,4,4,4,1,2,1
patchpar28,1,3,2,4,4,4,1,2,1
patchpar29,1,3,2,4,4,4,1,2,1
patchpar30,1,3,2,4,4,4,1,2,1
patchpar31,1,3,2,4,4,4,1,2,1
patchpar32,1,3,2,4,4,4,1,2,1
patchsq1,1,4,3,3,7,7,2,1,1
patchsq2,1,4,3,3,7,7,2,1,1
patchsq3,1,4,3,3,7,7,2,1,1
patchsq4,1,4,3,3,7,7,2,1,1
patchsq5,1,4,3,3,7,7,2,1,1
patchsq6,1,4,3,3,7,7,2,1,1
patchsq7,1,4,3,3,7,7,2,1,1
patchsq8,1,4,3,3,7,7,2,1,1
patchsq9,1,4,3,3,7,7,2,1,1
patchsq10,1,4,3,3,7,7,2,1,1
patchsq11,1,4,3,3,7,7,2,1,1
patchsq12,1,4,3,3,7,7,2,1,1
patchsq13,1,4,3,3,7,7,2,1,1
patchsq14,1,4,3,3,7,7,2,1,1
patchsq15,1,4,3,3,7,7,2,1,1
patchsq16,1,4,3,3,7,7,2,1,1
patchsq17,1,4,3,3,7,7,2,1,1
patchsq18,1,4,3,3,7,7,2,1,1
patchsq19,1,4,3,3,7,7,2,1,1
patchsq20,1,4,3,3,7,7,2,1,1
patchsq21,1,4,3,3,7,7,2,1,1
patchsq22,1,4,3,3,7,7,2,1,1
patchsq23,1,4,3,3,7,7,2,1,1
patchsq24,1,4,3,3,7,7,2,1,1
patchsq25,1,4,3,3,7,7,2,1,1
patchsq26,1,4,3,3,7,7,2,1,1
patchsq27,1,4,3,3,7,7,2,1,1
patchsq28,1,4,3,3,7,7,2,1,1
patchsq29,1,4,3,3,7,7,2,1,1
patchsq30,1,4,3,3,7,7,2,1,1
patchqd1,1,5,3,3,16,16,2,3,2
patchqd2,1,5,3,3,16,16,2,3,2
patchqd3,1,5,3,3,16,16,2,3,2
patchqd4,1,5,3,3,16,16,2,3,2
patchqd5,1,5,3,3,16,16,2,3,2
patchqd6,1,5,3,3,16,16,2,3,2
patchqd7,1,5,3,3,16,16,2,3,2
patchqd8,1,5,3,3,16,16,2,3,2
patchqd9,1,5,3,3,16,16,2,3,2
patchqd10,1,5,3,3,16,16,2,3,2
patchqd11,1,5,3,3,16,16,2,3,2
patchqd12,1,5,3,3,16,16,2,3,2
patchqd13,1,5,3,3,16,16,2,3,2
patchpsph1,1,7,2,2,6,6,2,2,1
patchpsph2,1,7,2,2,6,6,2,2,1
patchpsph3,1,7,2,2,6,6,2,2,1
patchpsph4,1,7,2,2,6,6,2,2,1
patchpsph5,1,7,2,2,6,6,2,2,1
patchpsph6,1,7,2,2,6,6,2,2,1
patchpsph7,1,7,2,2,6,6,2,2,1
patchpsph8,1,7,2,2,6,6,2,2,1
patchpsph9,1,7,2,2,6,6,2,2,1
patchpsph10,1,7,2,2,6,6,2,2,1
patchpsph11,1,7,2,2,6,6,2,2,1
patchpsph12,1,7,2,2,6,6,2,2,1
patchpsph13,1,7,2,2,6,6,2,2,1
patchpsph14,1,7,2,2,6,6,2,2,1
patchpsph15,1,7,2,2,6,6,2,2,1
patchpsph16,1,7,2,2,6,6,2,2,1
patchpsph17,1,7,2,2,6,6,2,2,1
patchpsph18,1,7,2,2,6,6,2,2,1
patchpsph19,1,7,2,2,6,6,2,2,1
patchpsph20,1,7,2,2,6,6,2,2,1
patchpsph21,1,7,2,2,6,6,2,2,1
patchpsph22,1,7,2,2,6,6,2,2,1
patchpsph23,1,7,2,2,6,6,2,2,1
patchpsph24,1,7,2,2,6,6,2,2,1
patchpsph25,1,7,2,2,6,6,2,2,1
patchpsph26,1,7,2,2,6,6,2,2,1
patchpsph27,1,7,2,2,6,6,2,2,1
patchpsph28,1,7,2,2,6,6,2,2,1
patchpsph29,1,7,2,2,6,6,2,2,1
patchpsph30,1,7,2,2,6,6,2,2,1
patchpsph31,1,7,2,2,6,6,2,2,1
patchpsph32,1,7,2,2,6,6,2,2,1
patchpsph33,1,7,2,2,6,6,2,2,1
patchpsph34,1,7,2,2,6,6,2,2,1
patchpsph35,1,7,2,2,6,6,2,2,1
patchpsph36,1,7,2,2,6,6,2,2,1
patchpsph37,1,7,2,2,6,6,2,2,1
patchpsph38,1,7,2,2,6,6,2,2,1
patchpsph39,1,7,2,2,6,6,2,2,1
patchpsph40,1,7,2,2,6,6,2,2,1
patchpsph41,1,7,2,2,6,6,2,2,1
patchpsph42,1,7,2,2,6,6,2,2,1
patchpsph43,1,7,2,2,6,6,2,2,1
patchpsph44,1,7,2,2,6,6,2,2,1
patchpsph45,1,7,2,2,6,6,2,2,1
patchpsph46,1,7,2,2,6,6,2,2,1
patchpsph47,1,7,2,2,6,6,2,2,1
patchpsph48,1,7,2,2,6,6,2,2,1
patchpsph49,1,7,2,2,6,6,2,2,1
patchpsph50,1,7,2,2,6,6,2,2,1
patchpsph51,1,7,2,2,6,6,2,2,1
patchpsph52,1,7,2,2,6,6,2,2,1
patchvo1,1,6,1,1,15,15,2,4,1
patchvo2,1,6,1,1,15,15,2,4,1
patchvo3,1,6,1,1,15,15,2,4,1
patchvo4,1,6,1,1,15,15,2,4,1
patchvo5,1,6,1,1,15,15,2,4,1
patchvo6,1,6,1,1,15,15,2,4,1
patchvo7,1,6,1,1,15,15,2,4,1
patchvo8,1,6,1,1,15,15,2,4,1
patchvo9,1,6,1,1,15,15,2,4,1
patchvo10,1,6,1,1,15,15,2,4,1
patchvo11,1,6,1,1,15,15,2,4,1
patchvo12,1,6,1,1,15,15,2,4,1
patchvo13,1,6,1,1,15,15,2,4,1
patchvo14,1,6,1,1,15,15,2,4,1
patchvo15,1,6,1,1,15,15,2,4,1
patchvo16,1,6,1,1,15,15,2,4,1
patchvo17,1,6,1,1,15,15,2,4,1
patchvo18,1,6,1,1,15,15,2,4,1
patchvo19,1,6,1,1,15,15,2,4,1
patchvo20,1,6,1,1,15,15,2,4,1
patchvo21,1,6,1,1,15,15,2,4,1
patchvo22,1,6,1,1,15,15,2,4,1
patchvo23,1,6,1,1,15,15,2,4,1
patchvo24,1,6,1,1,15,15,2,4,1
patchvo25,1,6,1,1,15,15,2,4,1
patchvo26,1,6,1,1,15,15,2,4,1
patchvo27,1,6,1,1,15,15,2,4,1
patchvo28,1,6,1,1,15,15,2,4,1
patchvo29,1,6,1,1,15,15,2,4,1
patchvo30,1,6,1,1,15,15,2,4,1
patchvo31,1,6,1,1,15,15,2,4,1
patchvo32,1,6,1,1,15,15,2,4,1
patchvo33,1,6,1,1,15,15,2,4,1
patchvo34,1,6,1,1,15,15,2,4,1
patchvo35,1,6,1,1,15,15,2,4,1
patchvo36,1,6,1,1,15,15,2,4,1
patchvo37,1,6,1,1,15,15,2,4,1
patchvo38,1,6,1,1,15,15,2,4,1
patchvo39,1,6,1,1,15,15,2,4,1
patchvo40,1,6,1,1,15,15,2,4,1
patchvo41,1,6,1,1,15,15,2,4,1
patchvo42,1,6,1,1,15,15,2,4,1
patch_occd1,1,8,4,6,11,11,1,2,2
patch_occd2,1,8,4,6,11,11,1,2,2
patch_occd3,1,8,4,6,11,11,1,2,2
patch_occd4,1,8,4,6,11,11,1,2,2
patch_occd5,1,8,4,6,11,11,1,2,2
patch_occd6,1,8,4,6,11,11,1,2,2
patch_occd7,1,8,4,6,11,11,1,2,2
patch_occd8,1,8,4,6,11,11,1,2,2
patch_occv1,1,8,4,6,13,13,2,2,2
patch_occv2,1,8,4,6,13,13,2,2,2
patch_occv3,1,8,4,6,13,13,2,2,2
patch_occv4,1,8,4,6,13,13,2,2,2
patch_occv5,1,8,4,6,13,13,2,2,2
patch_occv6,1,8,4,6,13,13,2,2,2
patch_occv7,1,8,4,6,13,13,2,2,2
patch_occv8,1,8,4,6,13,13,2,2,2
patch_occv9,1,8,4,6,13,13,2,2,2
patch_occv10,1,8,4,6,13,13,2,2,2
patch_occv11,1,8,4,6,13,13,2,2,2
patchco1,1,9,4,6,12,12,2,2,2
patchco2,1,9,4,6,12,12,2,2,2
patchco3,1,9,4,6,12,12,2,2,2
patchco4,1,9,4,6,12,12,2,2,2
patchco5,1,9,4,6,12,12,2,2,2
patchco6,1,9,4,6,12,12,2,2,2
patchco7,1,9,4,6,12,12,2,2,2
patchco8,1,9,4,6,12,12,2,2,2
patchco9,1,9,4,6,12,12,2,2,2
patchco10,1,9,4,6,12,12,2,2,2
patchnasal1,1,11,1,1,10,10,1,3,1
patchnasal2,1,11,1,1,10,10,1,3,1
patchnasal3,1,11,1,1,10,10,1,3,1
patchnasal4,1,11,1,1,10,10,1,3,1
patchnasal5,1,11,1,1,10,10,1,3,1
patchnasal6,1,11,1,1,10,10,1,3,1
patchnasal7,1,11,1,1,10,10,1,3,1
patchnasal8,1,11,1,1,10,10,1,3,1
patchnasal9,1,11,1,1,10,10,1,3,1
patchnasal10,1,11,1,1,10,10,1,3,1
patchnasal11,1,11,1,1,10,10,1,3,1
patchnasal12,1,11,1,1,10,10,1,3,1
patchmaxd1,1,12,1,1,5,5,2,3,1
patchmaxd2,1,12,1,1,5,5,2,3,1
patchmaxd3,1,12,1,1,5,5,2,3,1
patchmaxd4,1,12,1,1,5,5,2,3,1
patchmaxd5,1,12,1,1,5,5,2,3,1
patchmaxd6,1,12,1,1,5,5,2,3,1
patchmaxd7,1,12,1,1,5,5,2,3,1
patchmaxd8,1,12,1,1,5,5,2,3,1
patchmaxd9,1,12,1,1,5,5,2,3,1
patchmaxd10,1,12,1,1,5,5,2,3,1
patchmaxd11,1,12,1,1,5,5,2,3,1
patchmaxd12,1,12,1,1,5,5,2,3,1
patchmaxd13,1,12,1,1,5,5,2,3,1
patchmaxd14,1,12,1,1,5,5,2,3,1
patchmaxd15,1,12,1,1,5,5,2,3,1
patchmaxd16,1,12,1,1,5,5,2,3,1
patchmaxd17,1,12,1,1,5,5,2,3,1
patchmaxd18,1,12,1,1,5,5,2,3,1
patchmaxv1,1,12,1,5,9,9,2,3,1
patchmaxv2,1,12,1,5,9,9,2,3,1
patchmaxv3,1,12,1,5,9,9,2,3,1
patchmaxv4,1,12,1,5,9,9,2,3,1
patchmaxv5,1,12,1,5,9,9,2,3,1
patchmaxv6,1,12,1,5,9,9,2,3,1
patchmaxv7,1,12,1,5,9,9,2,3,1
patchmaxv8,1,12,1,5,9,9,2,3,1
patchmaxv9,1,12,1,5,9,9,2,3,1
patchmaxv10,1,12,1,5,9,9,2,3,1
patchmaxv11,1,12,1,5,9,9,2,3,1
patchmaxv12,1,12,1,5,9,9,2,3,1
patchmaxv13,1,12,1,5,9,9,2,3,1
patchmaxv14,1,12,1,5,9,9,2,3,1
patchmaxv15,1,12,1,5,9,9,2,3,1
patchosph1,1,14,2,7,17,17,2,2,2
patchosph2,1,14,2,7,17,17,2,2,2
patchosph3,1,14,2,7,17,17,2,2,2
patchosph4,1,14,2,7,17,17,2,2,2
patchosph5,1,14,2,7,17,17,2,2,2
patchosph6,1,14,2,7,17,17,2,2,2
patchosph7,1,14,2,7,17,17,2,2,2
patchosph8,1,14,2,7,17,17,2,2,2
patchosph9,1,14,2,7,17,17,2,2,2
patchosph10,1,14,2,7,17,17,2,2,2
patchosph11,1,14,2,7,17,17,2,2,2
patchosph12,1,14,2,7,17,17,2,2,2
patchosph13,1,14,2,7,17,17,2,2,2
patchosph14,1,14,2,7,17,17,2,2,2
patchosph15,1,14,2,7,17,17,2,2,2
patchosph16,1,14,2,7,17,17,2,2,2
patchosph17,1,14,2,7,17,17,2,2,2
patchosph18,1,14,2,7,17,17,2,2,2
patchosph19,1,14,2,7,17,17,2,2,2
patchosph20,1,14,2,7,17,17,2,2,2
patchosph21,1,14,2,7,17,17,2,2,2
patchosph22,1,14,2,7,17,17,2,2,2
patchosph23,1,14,2,7,17,17,2,2,2
patchosph24,1,14,2,7,17,17,2,2,2
patchosph25,1,14,2,7,17,17,2,2,2
patchprf1,1,13,1,1,18,18,1,3,1
patchprf2,1,13,1,1,18,18,1,3,1
patchprf3,1,13,1,1,18,18,1,3,1
patchprf4,1,13,1,1,18,18,1,3,1
patchprf5,1,13,1,1,18,18,1,3,1
patchprf6,1,13,1,1,18,18,1,3,1
patchprf7,1,13,1,1,18,18,1,3,1
patchprf8,1,13,1,1,18,18,1,3,1
patchprf9,1,13,1,1,18,18,1,3,1
patchprf10,1,13,1,1,18,18,1,3,1
patchprf11,1,13,1,1,18,18,1,3,1
patchprf12,1,13,1,1,18,18,1,3,1
patchprf13,1,13,1,1,18,18,1,3,1
patchpt1,1,15,3,3,8,8,2,4,1
patchpt2,1,15,3,3,8,8,2,4,1
patchpt3,1,15,3,3,8,8,2,4,1
patchpt4,1,15,3,3,8,8,2,4,1
patchpt5,1,15,3,3,8,8,2,4,1
patchpt6,1,15,3,3,8,8,2,4,1
patchpt7,1,15,3,3,8,8,2,4,1
patchpt8,1,15,3,3,8,8,2,4,1
patchpt9,1,15,3,3,8,8,2,4,1
patchpt10,1,15,3,3,8,8,2,4,1
patchpt11,1,15,3,3,8,8,2,4,1
patchpt12,1,15,3,3,8,8,2,4,1
patchpt13,1,15,3,3,8,8,2,4,1
patchpt14,1,15,3,3,8,8,2,4,1
